Dining at Meridian Cruise,Waiter,bobo01,true
Scuba,Staff,Casper0,true
Scuba,Staff,Gameza22,true
Omakase premium course Otaru,Sous Chef,Gameza22,true
THE GATE IMMERSIVE THEATER,สตาฟทั่วไป,moomoo2,true
AP30 x 30 HOME IS EMPOWERING YOU EXHIBITION,สตาฟรอง,Littlestar8,true
Omakase premium course Otaru,Sous Chef,Rin8,true
AP30 x 30 HOME IS EMPOWERING YOU EXHIBITION,สตาฟรอง,puthi777,true
AP30 x 30 HOME IS EMPOWERING YOU EXHIBITION,สตาฟรอง,Rin8,true
DekD TCAS,DekD staff,Rin8,true
Omakase premium course Otaru,Sous Chef,willy554,true
Sky Walk Trip,Guide Tour,Rin8,true
Scuba,Staff,Rin8,true
Dining at Meridian Cruise,Waiter,Rin8,true
Gong Yoo Held Fan's meeting,Staff,Rin8,true
Big Mountain Concert,Support staff,Rin8,true
Thailand Game Show 2023,Spare staffs,Rin8,true
Commart Thailand 2023,ฝ่ายสตาฟ,Rin8,true
TEDTalk,Guest Service,Test8,true
TEDTalk,Speaker Service,Test8,true
PetExpo,Pet Expo Staff,Rin8,true
KU Winter,KU Winter Staff,Rin8,true
Siam Carnival Funfair,สตาฟดูแลเครื่องเล่น,Rin8,true
THE GATE IMMERSIVE THEATER,สตาฟทั่วไป,Rin8,true
Graduation KU 65,Staff ดูแลภายในงาน,Rin8,true
PetExpo,Pet Expo Staff,Rainbow7,true
TEDTalk,Speaker Service,Samoyed5,true
AP30 x 30 HOME IS EMPOWERING YOU EXHIBITION,สตาฟรอง,bobo01,true
Gong Yoo Held Fan's meeting,Staff,therock888,true
Siam Carnival Funfair,สตาฟดูแลเครื่องเล่น,Beagle5,true
Sky Walk Trip,Guide Tour,Casper0,true
Big Mountain Concert,Support staff,Sibie08,true
KU Winter,KU Winter Staff,johny123,true
Commart Thailand 2023,ฝ่ายสตาฟ,Leo8,true
