Dining at Meridian Cruise,bobo01,true
Scuba,Gameza22,true
Scuba,Casper0,true
Scuba,Rainbow7,true
Scuba,Sibie08,true
Omakase premium course Otaru,Gameza22,true
Gong Yoo Held Fan's meeting,Gameza22,true
Dining at Meridian Cruise,Beagle5,true
Commart Thailand 2023,moomoo2,true
THE GATE IMMERSIVE THEATER,moomoo2,true
AP30 x 30 HOME IS EMPOWERING YOU EXHIBITION,Littlestar8,true
Big Mountain Concert,Littlestar8,true
TEDTalk,Test8,true
DekD TCAS,Test8,true
Omakase premium course Otaru,Rin8,true
Commart Thailand 2023,Test8,true
AP30 x 30 HOME IS EMPOWERING YOU EXHIBITION,puthi777,true
TEDTalk,chinaboy1899,true
DekD TCAS,jackie222,true
KU Winter,willy554,true
Siam Carnival Funfair,teenoi999,true
Commart Thailand 2023,Rin8,true
AP30 x 30 HOME IS EMPOWERING YOU EXHIBITION,Rin8,true
DekD TCAS,Rin8,true
KU Winter,Rin8,true
Omakase premium course Otaru,willy554,true
Graduation KU 65,Rin8,true
Sky Walk Trip,Rin8,true
Scuba,Rin8,true
Dining at Meridian Cruise,Rin8,true
Gong Yoo Held Fan's meeting,Rin8,true
Big Mountain Concert,Rin8,true
Thailand Game Show 2023,Rin8,true
PetExpo,Rin8,true
Siam Carnival Funfair,Rin8,true
THE GATE IMMERSIVE THEATER,Rin8,true
KU Winter,ohio345,true
PetExpo,Rainbow7,true
TEDTalk,Samoyed5,true
AP30 x 30 HOME IS EMPOWERING YOU EXHIBITION,bobo01,true
Gong Yoo Held Fan's meeting,therock888,true
Siam Carnival Funfair,Beagle5,true
Sky Walk Trip,Casper0,true
Big Mountain Concert,Sibie08,true
KU Winter,johny123,true
Commart Thailand 2023,Leo8,true
